
CREATE EXTENSION IF NOT EXISTS "uuid-ossp";

DROP TABLE IF EXISTS "FinesHistory";
DROP SEQUENCE IF EXISTS "FinesHistory_id_seq";
CREATE SEQUENCE "FinesHistory_id_seq" INCREMENT 1 MINVALUE 1 MAXVALUE 9223372036854775807 CACHE 1;

CREATE TABLE "public"."FinesHistory" (
    "id" bigint DEFAULT nextval('"FinesHistory_id_seq"') NOT NULL,
    "userId" character varying NOT NULL,
    "fineId" uuid NOT NULL,
    "isPaid" boolean DEFAULT false NOT NULL,
    "createdAt" timestamp DEFAULT now() NOT NULL,
    "reason" character varying NOT NULL,
    "finesImport" double precision DEFAULT 1 NOT NULL,
    CONSTRAINT "PK_139dcc3c7607712f45a3a302c83" PRIMARY KEY ("id")
) WITH (oids = false);

DROP TABLE IF EXISTS "Polices";
CREATE TABLE "public"."Polices" (
    "identification" uuid DEFAULT uuid_generate_v4() NOT NULL,
    "name" character varying NOT NULL,
    "lastname1" character varying NOT NULL,
    "lastname2" character varying NOT NULL,
    "dni" character varying NOT NULL,
    "isDeleted" boolean DEFAULT false NOT NULL,
    "password" character varying NOT NULL,
    "username" character varying NOT NULL,
    "email" character varying NOT NULL,
    CONSTRAINT "PK_95b37087f20c16dbe69d22fdec1" PRIMARY KEY ("identification")
) WITH (oids = false);

DROP TABLE IF EXISTS "Users";
CREATE TABLE "public"."Users" (
    "id" uuid DEFAULT uuid_generate_v4() NOT NULL,
    "name" character varying NOT NULL,
    "lastname1" character varying NOT NULL,
    "lastname2" character varying NOT NULL,
    "dni" character varying NOT NULL,
    "direction" character varying NOT NULL,
    "zipcode" character varying NOT NULL,
    "town" character varying NOT NULL,
    "hasFines" boolean DEFAULT false NOT NULL,
    "username" character varying(255) NOT NULL,
    "password" character varying(255) NOT NULL,
    "email" character varying(255) NOT NULL,
    "created_at" timestamp DEFAULT now() NOT NULL,
    "updated_at" timestamp DEFAULT now() NOT NULL,
    "is_deleted" boolean DEFAULT false NOT NULL,
    CONSTRAINT "PK_16d4f7d636df336db11d87413e3" PRIMARY KEY ("id"),
    CONSTRAINT "UQ_3c3ab3f49a87e6ddb607f3c4945" UNIQUE ("email"),
    CONSTRAINT "UQ_d9de24daa15c9441939de28998e" UNIQUE ("dni"),
    CONSTRAINT "UQ_ffc81a3b97dcbf8e320d5106c0d" UNIQUE ("username")
) WITH (oids = false);

DROP TABLE IF EXISTS "user_roles";
DROP SEQUENCE IF EXISTS user_roles_id_seq;
CREATE SEQUENCE user_roles_id_seq INCREMENT 1 MINVALUE 1 MAXVALUE 2147483647 CACHE 1;

CREATE TABLE "public"."user_roles" (
    "id" integer DEFAULT nextval('user_roles_id_seq') NOT NULL,
    "role" character varying(50) DEFAULT 'USER' NOT NULL,
    "user_id" uuid,
    "police_id" uuid,
    CONSTRAINT "PK_8acd5cf26ebd158416f477de799" PRIMARY KEY ("id")
) WITH (oids = false);

DROP TABLE IF EXISTS "vehicles";
CREATE TABLE "public"."vehicles" (
    "id" uuid DEFAULT uuid_generate_v4() NOT NULL,
    "linces_plate" character varying NOT NULL,
    "chassis" character varying NOT NULL,
    "mark" character varying NOT NULL,
    "model" character varying NOT NULL,
    "year" integer NOT NULL,
    "colour" character varying NOT NULL,
    "type_Vehicle" character varying NOT NULL,
    "registration_document" boolean DEFAULT false NOT NULL,
    "insurance" boolean DEFAULT false NOT NULL,
    "insurance_lastDate" timestamp DEFAULT now() NOT NULL,
    "ownerChangeDate" timestamp DEFAULT now(),
    "ownerChange" boolean DEFAULT false,
    "purchase_Date" timestamp DEFAULT now() NOT NULL,
    "active" boolean DEFAULT true,
    "user_id" uuid,
    CONSTRAINT "PK_18d8646b59304dce4af3a9e35b6" PRIMARY KEY ("id"),
    CONSTRAINT "UQ_7c6681b16862bd33fcf11984445" UNIQUE ("chassis")
) WITH (oids = false);

ALTER TABLE ONLY "public"."user_roles" ADD CONSTRAINT "FK_87b8888186ca9769c960e926870" FOREIGN KEY (user_id) REFERENCES "Users"(id) NOT DEFERRABLE;
ALTER TABLE ONLY "public"."user_roles" ADD CONSTRAINT "FK_9e5794b653b82691778921dccf5" FOREIGN KEY (police_id) REFERENCES "Polices"(identification) NOT DEFERRABLE;

ALTER TABLE ONLY "public"."vehicles" ADD CONSTRAINT "FK_88b36924d769e4df751bcfbf249" FOREIGN KEY (user_id) REFERENCES "Users"(id) NOT DEFERRABLE;


INSERT INTO "Polices" ("identification", "name", "lastname1", "lastname2", "dni", "isDeleted", "password", "username", "email") VALUES
('85f88b0d-2d46-431e-8b53-58aab45170c1',	'Mr.',	'Harvey',	'Corwin',	'64290562L',	'f',	'$2a$12$NJtuVv948tTZQsMFZuQM5uRQ.uZToSz8fso31bU7yMh3P9lKuYDaa',	'police.Admin',	'Elise_Wolf39@hotmail.com'),
('64b0ea11-87cc-4702-8c68-f51035c6becd',	'Ms.',	'Spencer',	'Crist',	'48023307C',	'f',	'$2a$12$OGinHZVeSC4CjWPD4NMTv.Lwc3YLbXE8XczsLXDGJFuFRJlJQ8eQO',	'police.Police',	'Alia_Champlin76@yahoo.com'),
('967469a7-0cf2-4f68-acd7-355b23d29500',	'Mrs.',	'Boehm',	'Toy',	'52588385N',	'f',	'$2a$12$OX4fzAOvHOQ5z7LHCa71M.paxH4lU1jUE1lsRQDOwSgGbcmFMg3rK',	'police.Police1',	'Colten25@hotmail.com'),
('c677fb62-229a-40fb-937b-2daa439ab5d2',	'Ms.',	'Harris',	'Hackett',	'28404268G',	'f',	'$2a$12$L7r177wRFdqMHFnxiW8.6OM.trfySeGUrrZAkjAlkyKxMpIevVSuG',	'police.Police2',	'Darron31@hotmail.com'),
('8c1d02a3-763a-4bc1-86fd-413e3b83fc8e',	'Mr.',	'Wiza',	'Bartell',	'32411236G',	'f',	'$2a$12$3YGDxCGiFfS4IohkRbg1pOHkApZ7Iz8Bgo8viqyQnssBGczjrxeWi',	'police.Police3',	'Tessie24@yahoo.com'),
('f8f1f726-2b9e-445a-b4aa-8b85317223d7',	'Miss',	'Hamill',	'Hagenes',	'45330588A',	'f',	'$2a$12$1/HrKu/3tSNYoWBxKFfObe1GcrBRo1uFiEIKDzS4jYgYc/06O2Br6',	'police.Police4',	'Eveline47@hotmail.com'),
('6af82952-e0f8-438e-8b50-3efa4658a061',	'Mr.',	'Mosciski',	'Strosin',	'87321455T',	'f',	'$2a$12$tANqEcHqPi05ooEY7azYP.tktVqFc8benlBqpnrb.0PiwlSu/8/Ve',	'police.Police5',	'Rachelle77@yahoo.com'),
('73b70f70-7f07-4726-92c7-280f45ab9a82',	'Ms.',	'Heller',	'Grimes',	'71957766N',	'f',	'$2a$12$7tBe4iA7/8e7zDM2k66gg.W/W9GsFUUPbMWmLraKFTHVVRD2Zj8Mm',	'police.Police6',	'Adaline85@gmail.com'),
('7fe9bfe0-f981-4c98-8878-0211220cbb5d',	'Mrs.',	'Lockman',	'Schuster',	'87126493D',	'f',	'$2a$12$bo3cRuCSLq7N0qFOeM4/iet4PVNElQZ16YZMQmtuLv62ecOm.kycy',	'police.Sammie',	'Lilla_Morissette@hotmail.com'),
('8eda3cc1-f618-4740-859e-e30423de3cca',	'Mrs.',	'Steuber',	'Osinski',	'64127724K',	'f',	'$2a$12$f9/G2g/dVInzPsZrHeXhfevISylEbi6a7jTvvd6xX1Vhug5.9EXKi',	'police.Robin',	'Danielle_Marvin@yahoo.com'),
('899be5ea-3b0b-45d6-ad70-95b896ad94d4',	'Mr.',	'O''Hara',	'Torp',	'69867458J',	'f',	'$2a$12$6BdXKj29ankFvVR5KSMLNO0DkbTI8Pnfr/ZuP.VK/e4lRKo6k63Z2',	'police.Domingo',	'Vicenta_Barrows86@yahoo.com'),
('431eccf0-5e5d-4030-8d61-50c4380c469d',	'Ms.',	'O''Hara',	'Robel',	'39275865F',	'f',	'$2a$12$ZZTuwQ.kCAP75nuZFkoUAOFB02.1YrudOE4e0Wskl1xpX4ITfgHqi',	'police.Otho',	'Reinhold18@gmail.com'),
('188f8f7a-0df4-44b9-b277-ff3e68121f77',	'Miss',	'Buckridge',	'Douglas',	'47008737A',	'f',	'$2a$12$ztZd18X/hlQH/whJyyk9quwIOONoAUFD4VC3Ck9Rru4b9kndSmQtO',	'police.Stephen',	'Abner_OReilly89@yahoo.com'),
('a8092183-ec24-4597-9e81-41a178725cc0',	'Dr.',	'Stokes',	'Raynor',	'41150100H',	'f',	'$2a$12$z/1xbvbnLAI6JzWQmhHrqOfSW9WQR3dWjVMw5xw/AHaApytCvkNIu',	'police.Marilou',	'Sam_Rau@gmail.com'),
('e7ebc1d9-94d4-4755-ba1d-9c85468727e4',	'Ms.',	'Funk',	'Kunde',	'44015638D',	'f',	'$2a$12$HmjjzKPs9FxAK1hmlxkbmO/mLqOq3DfdZsA2uRfG2thaYEB5e1lyS',	'police.Wava',	'Wayne_Robel@gmail.com'),
('4f6139b4-100c-4be4-9c87-3dedf29a1c8b',	'Dr.',	'Carroll',	'Gottlieb',	'27065630N',	'f',	'$2a$12$SEK3JGMIpA01w7v7s0pOHunwEx/sChfZrbz8uqRPWEw9Fv0gsysia',	'police.Davonte',	'Juvenal_Bergnaum68@yahoo.com'),
('bb3d9776-5820-4c1f-b33c-c12ca66fb4cc',	'Ms.',	'Heller',	'Runte',	'27015399J',	'f',	'$2a$12$afNLq8ZkiGnKm4M6j3Y.c.3BFBg3jP4VVIEiMp5xmV1NW9rfTIYCy',	'police.Davion',	'Haylee5@yahoo.com'),
('69ca3034-e813-4fe0-b323-107d629d6a5e',	'Ms.',	'Reilly',	'Streich',	'85221822Z',	'f',	'$2a$12$HnN2gEEUO.5urbEPdO62UOGOW5.HjuyYpu10JVLbU1EPEwFQP2J9u',	'police.Miller',	'Theresa36@hotmail.com'),
('2b7da40e-928d-446d-ab96-d15362ba0688',	'Miss',	'Hilpert',	'Kemmer',	'37836806N',	'f',	'$2a$12$fEwIvBSCyb6IKS5RAyDjGey7X0k/GSg4WenWuCX9YXz667tE03bPi',	'police.Antonetta',	'Enid.Hilll@yahoo.com'),
('74f0b2fd-750e-47c7-8c66-ed430ad90a57',	'Miss',	'Larkin',	'Jast',	'86907814Z',	'f',	'$2a$12$0BGacRu0TUb1Dr7H0NeTy.pQkWHlnx18tRA1NYxX/tBuSe9ZLMyDq',	'police.Hoyt',	'Chadrick.Schaden85@hotmail.com'),
('f288f711-ce17-470b-ba66-efdcc84f2c05',	'Dr.',	'Marvin',	'Gutkowski',	'44157683Y',	'f',	'$2a$12$hJMnBhQdFh08XEPDVzo0yeerKDDphWoSazOa1GDYz2mRuLVR8Ff7i',	'police.Jeffery',	'Paxton_Trantow@yahoo.com');

INSERT INTO "Users" ("id", "name", "lastname1", "lastname2", "dni", "direction", "zipcode", "town", "hasFines", "username", "password", "email", "created_at", "updated_at", "is_deleted") VALUES
('fb0c7954-48db-450e-aa40-7bc256096862',	'Ona',	'Greenholt',	'Gerhold',	'60591322F',	'096 Skylar Stream',	'28333',	'Donmouth',	'f',	'usuario',	'$2a$12$8k4X3lH2nCVwnSqp4LXFluVFIC2njkjBKVmxc4kCLPqRbF9L2n1m.',	'Conor_Schowalter8@yahoo.com',	'2024-06-12 21:11:45.704653',	'2024-06-12 21:11:45.704653',	'f'),
('3859f097-314c-4129-aa2b-8be31e6ba72b',	'Magnus',	'Bradtke',	'Cassin',	'56469548V',	'4435 Lessie Burgs',	'28333',	'Solonmouth',	'f',	'usuario1',	'$2a$12$U/0aTOz6Z0AJ/TRcbnVX3OAj4l3hTSQgjSB05HopXMKqEiiDHZH8S',	'Ken95@hotmail.com',	'2024-06-12 21:11:49.824078',	'2024-06-12 21:11:49.824078',	'f'),
('015720c1-b6c8-46e1-a11b-0bf3370df36f',	'Lew',	'Dietrich',	'Orn',	'62372500L',	'446 Kristoffer Roads',	'28333',	'Rosalynmouth',	'f',	'usuario2',	'$2a$12$Q0LHeIY/06RDGLz5FddQXOc9KsrJiROASnWDUfUR2rxxwDrW3KZUC',	'23jbcl@gmail.com',	'2024-06-12 21:11:51.732586',	'2024-06-12 21:11:51.732586',	'f'),
('857390a0-046b-4661-b6e3-139f9aca8163',	'Francisco',	'Schulist',	'Muller',	'48687965R',	'72058 Jerad Roads',	'28333',	'Chino Hills',	'f',	'usuario3',	'$2a$12$OKHQvFcxD/4Udj70xaFCRO8bbqOS8giollAOgWFkoQGP/GI9k8fFm',	'Skye.Keeling@gmail.com',	'2024-06-12 21:11:54.180587',	'2024-06-12 21:11:54.180587',	'f'),
('38f2113e-51a2-4901-96e9-55994319090d',	'Clarissa',	'Gutmann',	'Vandervort',	'18468597B',	'223 Ottis Plains',	'28333',	'South Lilianhaven',	'f',	'usuario4',	'$2a$12$cNEQ4b0xhPXrhXmi.mhUReqFp.73rLyB0SJyK6mxjADVdqyyg0rXe',	'Art_Cormier@hotmail.com',	'2024-06-12 21:11:56.046677',	'2024-06-12 21:11:56.046677',	'f'),
('d13e3579-22c5-4998-8a03-781768db25e6',	'Amaya',	'Wuckert',	'O''Kon',	'54191903Q',	'31306 Walsh Loop',	'28333',	'Homenickfort',	'f',	'usuario5',	'$2a$12$tAV26s9UG4P6GHySLJvdE.5IDGgIIuIxVblJkPIYhwM.38mrKw13O',	'Michael.Bernhard@gmail.com',	'2024-06-12 21:11:59.422241',	'2024-06-12 21:11:59.422241',	'f'),
('36267cff-c5c3-4598-86f3-f142988a99e9',	'Theresa',	'Marks',	'Schiller',	'49947083F',	'85178 Abbott Course',	'28333',	'South Javontehaven',	'f',	'Jarret.Williamson2',	'$2a$12$CFEqGlIAFnsIbQGWUE/kRuhWPkAULFgE9y8HtuX3bXoYYllAiRKOW',	'Dejah16@yahoo.com',	'2024-06-12 21:12:07.744654',	'2024-06-12 21:12:07.744654',	'f'),
('7f125c22-7c0c-49bc-b285-8d256aa28c30',	'Hyman',	'Cassin',	'Paucek',	'47146262B',	'815 Clemens Lodge',	'28333',	'Noblesville',	'f',	'Ramon.Russel',	'$2a$12$lF2G74QalnaUOZ4Mw.vln.TVExRrFEx/3WJduiZElWLqhyDhgIgIC',	'Shaylee_Waters@hotmail.com',	'2024-06-12 21:12:08.986414',	'2024-06-12 21:12:08.986414',	'f'),
('d4dad010-2fa5-4a0e-b5eb-2975e97d77b4',	'Simeon',	'Hackett',	'Champlin',	'68271915A',	'49341 Ward Oval',	'28333',	'North Roderick',	'f',	'Adelbert9',	'$2a$12$5wNW.BZrEL6zXuAHdQRkxeGZ4tIhR58QCf6d8XGHpXz4Cg1TYfwbG',	'Cathy31@yahoo.com',	'2024-06-12 21:12:10.155404',	'2024-06-12 21:12:10.155404',	'f'),
('d6349081-59d1-453b-8500-20093c575008',	'Alvera',	'Mertz',	'O''Hara',	'50316357Q',	'55683 Franecki Run',	'28333',	'Marcellusmouth',	'f',	'Norma.Johnston',	'$2a$12$HGrVJDX6GrfhhwKie1QozuJEK5sFc.9NLyPdLV/wLgHxDtwz6xY7.',	'Annamae10@gmail.com',	'2024-06-12 21:12:11.035795',	'2024-06-12 21:12:11.035795',	'f'),
('c0f306a2-0801-42af-a024-f4ab351dfba1',	'Reed',	'Hackett',	'Kassulke',	'22776286F',	'1158 Emmalee Highway',	'28333',	'Hirtheberg',	'f',	'Cleveland21',	'$2a$12$dGTZq/CB/MnqHHboScAjGelbILNSOJAkW3ACP12EGDrFIKYguMl4O',	'Henriette.Hand@hotmail.com',	'2024-06-12 21:12:11.922061',	'2024-06-12 21:12:11.922061',	'f'),
('621d3c42-8932-4214-b957-e5f14d5783dc',	'Velma',	'Towne',	'Torphy',	'43464122X',	'8800 Ruben Parkways',	'28333',	'Port Kasey',	'f',	'Lurline_Hilpert21',	'$2a$12$6P/kovd1qFnMpZkp15.bFe679ASV4np9XC7AUYIazLKTC41iwQJ9q',	'Henriette26@yahoo.com',	'2024-06-12 21:12:12.794396',	'2024-06-12 21:12:12.794396',	'f'),
('a2ba2229-98a6-4e86-9ddf-f3d7ef1ac42e',	'Lester',	'Windler',	'Sanford',	'89644258X',	'3446 Emelie Spurs',	'28333',	'Tyshawnshire',	'f',	'Trey.Weber49',	'$2a$12$1qu1knOsFcCvHZpu7ottD.ZVBw3hRyc8M80WWjLhrraNlOBOUv44i',	'Nikita.Halvorson31@yahoo.com',	'2024-06-12 21:12:13.685964',	'2024-06-12 21:12:13.685964',	'f'),
('d13564e8-c04d-4bbf-9b24-3955a2bc55f3',	'Meghan',	'Davis',	'Zieme',	'36850710H',	'177 Maureen Parkways',	'28333',	'Midwest City',	'f',	'Skye_Hessel',	'$2a$12$ywLC4jYh4Z2Jo6VpFWKwTOAOVOzcVrU.0sBi3an3MZjeOBXyboRnm',	'Pamela_Streich19@hotmail.com',	'2024-06-12 21:12:14.419013',	'2024-06-12 21:12:14.419013',	'f'),
('2a7ac06c-ff90-4d97-89ee-69408e902241',	'Ericka',	'Berge',	'Ortiz',	'90280509N',	'344 Schroeder Falls',	'28333',	'Swaniawskihaven',	'f',	'Ozella_Rogahn5',	'$2a$12$VfIF79pcWuGOG7PH7SaPu.sEpxTUArASOjj31Zd1NFO.qiMR2tC5W',	'Gonzalo_Batz36@yahoo.com',	'2024-06-12 21:12:15.505528',	'2024-06-12 21:12:15.505528',	'f'),
('d19d11b8-3452-4274-9069-d1c2bdd6719a',	'Chaya',	'Legros',	'Stark',	'21730496G',	'373 Gaylord Hill',	'28333',	'San Jacinto',	'f',	'Darren_Larkin90',	'$2a$12$gbxd1W6AFMLtKt86VbgA/OQWyAZGHQBywQH12KBGRl32RlCt4cWCC',	'Harley.Flatley@yahoo.com',	'2024-06-12 21:12:16.414602',	'2024-06-12 21:12:16.414602',	'f'),
('057e55d6-3009-4e14-894c-9c22db99d212',	'Arvid',	'Gerhold',	'Schumm',	'47188389W',	'088 Heaney Lake',	'28333',	'Port Hilma',	'f',	'Marilyne46',	'$2a$12$LTqH4kywu8bk2wVm3WDCX./c7CTZbNUnhlGLONj5POKV2AlvhqFQO',	'Domenic_Leuschke@yahoo.com',	'2024-06-12 21:12:17.377317',	'2024-06-12 21:12:17.377317',	'f'),
('d47770e7-d7d7-47d3-a519-e86611224804',	'Kobe',	'Huel',	'Wuckert',	'44186336R',	'600 Parker Walk',	'28333',	'Schultzberg',	'f',	'Marcelle_Kohler',	'$2a$12$LzX0IfORzPFvgNkuTukDfObKfb.vk6bIPJC3v3FZwlrejDQl/CMWW',	'Friedrich_Kub30@gmail.com',	'2024-06-12 21:12:18.160148',	'2024-06-12 21:12:18.160148',	'f'),
('4d2e5963-98e5-44b2-8724-0766c10cbe3a',	'Edison',	'Walker',	'Will',	'90876498W',	'55786 Bogisich Mill',	'28333',	'New Rosiebury',	'f',	'Maximillia82',	'$2a$12$zOA1DEfJszV3NFgLqh8a7ucz9NxloxOGotddMeEqVHaYFDJIrSi2W',	'Mae.Klocko82@yahoo.com',	'2024-06-12 21:12:18.955569',	'2024-06-12 21:12:18.955569',	'f'),
('a0c01a35-99a5-499c-b5b8-6b2c480e3b63',	'Reed',	'Monahan',	'Leffler',	'44791482V',	'77732 Muller Highway',	'28333',	'Port Audie',	'f',	'Olaf_Kemmer',	'$2a$12$RviVHE0zFDmd82YkQfWxZOAgrkQfyseoLDeDl6gGPXa0Ik5xKt1lO',	'Tiana_Gorczany80@yahoo.com',	'2024-06-12 21:12:19.66844',	'2024-06-12 21:12:19.66844',	'f'),
('aff8316e-b733-46e0-bbd1-666f27142772',	'Daniella',	'Hintz',	'Kulas',	'54498024F',	'804 Cremin Knoll',	'28333',	'Kassulkeshire',	'f',	'Nathan.Durgan',	'$2a$12$GmN4BOXJeeLaihkLgnVvhOU2am.1.L4/JBH.b2HjHZg2eP5B2R39C',	'Hunter87@gmail.com',	'2024-06-12 21:12:20.556543',	'2024-06-12 21:12:20.556543',	'f'),
('98453c7e-21ac-47a1-9292-c1958654397c',	'Louvenia',	'Treutel',	'Christiansen',	'10332412F',	'793 Verdie Cliff',	'28333',	'Port Eliza',	'f',	'Damion15',	'$2a$12$UcYN8Jp5cB45L0eegdsYt.V1NfTJvY6d21yEETv2crkTQP5Yv5FZW',	'Jo.Gislason@gmail.com',	'2024-06-12 21:12:21.682254',	'2024-06-12 21:12:21.682254',	'f'),
('acaa2b89-7b62-4d91-9e5a-45a5a758a1c9',	'Joany',	'Adams',	'Grant',	'79581408M',	'761 Schuppe Rapids',	'28333',	'Greeley',	'f',	'Raquel69',	'$2a$12$kzoFZgw165NlnvlNugHJF.J0p6NxIfldUxSM4fkf3BCh5/DXV6tMi',	'Gordon79@hotmail.com',	'2024-06-12 21:12:22.771575',	'2024-06-12 21:12:22.771575',	'f'),
('8b21b57b-5c48-4795-be20-fc3158e8e198',	'Tina',	'Corwin',	'Harber',	'87118330B',	'941 Sallie Harbors',	'28333',	'New Amira',	'f',	'Izabella_Schroeder',	'$2a$12$pxofwP6EAEsCDRp/bjufyevWb45ZgzFzk9mt4Iv9KSSJHsPWsRGt2',	'Madge_Donnelly@gmail.com',	'2024-06-12 21:12:23.8843',	'2024-06-12 21:12:23.8843',	'f'),
('92487004-792f-485c-bcac-eebfb3be6884',	'Christ',	'Donnelly',	'Flatley',	'95816718Y',	'219 Crawford Loaf',	'28333',	'West Rosefort',	'f',	'Gonzalo_Lang21',	'$2a$12$77CB07vrjdti1RFchZ4zfeMhcBhJZB77j8I6pNoEpGakv.tLs3W8C',	'Jerrold50@gmail.com',	'2024-06-12 21:12:24.935745',	'2024-06-12 21:12:24.935745',	'f'),
('340ca2b3-63f8-425e-ba88-32d8a816af8b',	'Izabella',	'Stiedemann',	'Collins',	'14510683Y',	'30301 Lupe Ford',	'28333',	'East Lelahshire',	'f',	'Kamren.Rohan',	'$2a$12$KRvZUZtO8N/YHpDO01i7cOdN5KRmYC9t.Gl3pUAfS29/QzSL8GzOG',	'Ardella74@gmail.com',	'2024-06-12 21:12:25.973822',	'2024-06-12 21:12:25.973822',	'f');

INSERT INTO "user_roles" ("id", "role", "user_id", "police_id") VALUES
(1,	'USER',	'fb0c7954-48db-450e-aa40-7bc256096862',	NULL),
(2,	'USER',	'3859f097-314c-4129-aa2b-8be31e6ba72b',	NULL),
(3,	'USER',	'015720c1-b6c8-46e1-a11b-0bf3370df36f',	NULL),
(4,	'USER',	'857390a0-046b-4661-b6e3-139f9aca8163',	NULL),
(5,	'USER',	'38f2113e-51a2-4901-96e9-55994319090d',	NULL),
(6,	'USER',	'd13e3579-22c5-4998-8a03-781768db25e6',	NULL),
(7,	'USER',	'36267cff-c5c3-4598-86f3-f142988a99e9',	NULL),
(8,	'USER',	'7f125c22-7c0c-49bc-b285-8d256aa28c30',	NULL),
(9,	'USER',	'd4dad010-2fa5-4a0e-b5eb-2975e97d77b4',	NULL),
(10,	'USER',	'd6349081-59d1-453b-8500-20093c575008',	NULL),
(11,	'USER',	'c0f306a2-0801-42af-a024-f4ab351dfba1',	NULL),
(12,	'USER',	'621d3c42-8932-4214-b957-e5f14d5783dc',	NULL),
(13,	'USER',	'a2ba2229-98a6-4e86-9ddf-f3d7ef1ac42e',	NULL),
(14,	'USER',	'd13564e8-c04d-4bbf-9b24-3955a2bc55f3',	NULL),
(15,	'USER',	'2a7ac06c-ff90-4d97-89ee-69408e902241',	NULL),
(16,	'USER',	'd19d11b8-3452-4274-9069-d1c2bdd6719a',	NULL),
(17,	'USER',	'057e55d6-3009-4e14-894c-9c22db99d212',	NULL),
(18,	'USER',	'd47770e7-d7d7-47d3-a519-e86611224804',	NULL),
(19,	'USER',	'4d2e5963-98e5-44b2-8724-0766c10cbe3a',	NULL),
(20,	'USER',	'a0c01a35-99a5-499c-b5b8-6b2c480e3b63',	NULL),
(21,	'USER',	'aff8316e-b733-46e0-bbd1-666f27142772',	NULL),
(22,	'USER',	'98453c7e-21ac-47a1-9292-c1958654397c',	NULL),
(23,	'USER',	'acaa2b89-7b62-4d91-9e5a-45a5a758a1c9',	NULL),
(24,	'USER',	'8b21b57b-5c48-4795-be20-fc3158e8e198',	NULL),
(25,	'USER',	'92487004-792f-485c-bcac-eebfb3be6884',	NULL),
(26,	'USER',	'340ca2b3-63f8-425e-ba88-32d8a816af8b',	NULL),
(27,	'POLICE',	NULL,	'85f88b0d-2d46-431e-8b53-58aab45170c1'),
(28,	'POLICE',	NULL,	'64b0ea11-87cc-4702-8c68-f51035c6becd'),
(29,	'POLICE',	NULL,	'967469a7-0cf2-4f68-acd7-355b23d29500'),
(30,	'POLICE',	NULL,	'c677fb62-229a-40fb-937b-2daa439ab5d2'),
(31,	'POLICE',	NULL,	'8c1d02a3-763a-4bc1-86fd-413e3b83fc8e'),
(32,	'POLICE',	NULL,	'f8f1f726-2b9e-445a-b4aa-8b85317223d7'),
(33,	'POLICE',	NULL,	'6af82952-e0f8-438e-8b50-3efa4658a061'),
(34,	'POLICE',	NULL,	'73b70f70-7f07-4726-92c7-280f45ab9a82'),
(35,	'POLICE',	NULL,	'7fe9bfe0-f981-4c98-8878-0211220cbb5d'),
(36,	'POLICE',	NULL,	'8eda3cc1-f618-4740-859e-e30423de3cca'),
(37,	'POLICE',	NULL,	'899be5ea-3b0b-45d6-ad70-95b896ad94d4'),
(38,	'POLICE',	NULL,	'431eccf0-5e5d-4030-8d61-50c4380c469d'),
(39,	'POLICE',	NULL,	'188f8f7a-0df4-44b9-b277-ff3e68121f77'),
(40,	'POLICE',	NULL,	'a8092183-ec24-4597-9e81-41a178725cc0'),
(41,	'POLICE',	NULL,	'e7ebc1d9-94d4-4755-ba1d-9c85468727e4'),
(42,	'POLICE',	NULL,	'4f6139b4-100c-4be4-9c87-3dedf29a1c8b'),
(43,	'POLICE',	NULL,	'bb3d9776-5820-4c1f-b33c-c12ca66fb4cc'),
(44,	'POLICE',	NULL,	'69ca3034-e813-4fe0-b323-107d629d6a5e'),
(45,	'POLICE',	NULL,	'2b7da40e-928d-446d-ab96-d15362ba0688'),
(46,	'POLICE',	NULL,	'74f0b2fd-750e-47c7-8c66-ed430ad90a57'),
(47,	'POLICE',	NULL,	'f288f711-ce17-470b-ba66-efdcc84f2c05'),
(48,	'ADMIN',	NULL,	'85f88b0d-2d46-431e-8b53-58aab45170c1');

INSERT INTO "vehicles" ("id", "linces_plate", "chassis", "mark", "model", "year", "colour", "type_Vehicle", "registration_document", "insurance", "insurance_lastDate", "ownerChangeDate", "ownerChange", "purchase_Date", "active", "user_id") VALUES
('1ef05055-7be7-448e-b1fe-cc2ad9495196',	'2771SUQ',	'98228505197026040',	'MERCEDES',	'classis',	2017,	'AZUL',	'COMPACTO',	't',	't',	'2024-06-12 23:54:05.515687',	'2024-06-12 23:54:05.515687',	'f',	'2024-06-12 23:54:05.515687',	't',	'acaa2b89-7b62-4d91-9e5a-45a5a758a1c9'),
('c0ff24f0-0779-4fc0-bc26-05975f18c7f5',	'2128BCT',	'00617785652758478',	'BMW',	'classis',	2015,	'AZUL',	'COMPACTO',	't',	't',	'2024-06-12 23:54:06.024053',	'2024-06-12 23:54:06.024053',	'f',	'2024-06-12 23:54:06.024053',	't',	'd6349081-59d1-453b-8500-20093c575008'),
('3f8c3b16-393b-4417-a7ac-cd840e7be6d1',	'1469IMC',	'07673739273194323',	'RENAULT',	'classis',	2008,	'ROJO',	'COMPACTO',	't',	't',	'2024-06-12 23:54:06.513093',	'2024-06-12 23:54:06.513093',	'f',	'2024-06-12 23:54:06.513093',	't',	'057e55d6-3009-4e14-894c-9c22db99d212'),
('7d9bc3e6-2418-4c66-bb98-4a4511b8e1ae',	'8783KNR',	'45358420135658161',	'TOYOTA',	'classis',	2005,	'ROJO',	'COMPACTO',	't',	't',	'2024-06-12 23:54:07.034658',	'2024-06-12 23:54:07.034658',	'f',	'2024-06-12 23:54:07.034658',	't',	'36267cff-c5c3-4598-86f3-f142988a99e9'),
('7e1dda9e-81a4-4021-a194-71956b33d0b5',	'6567ZRL',	'37902831317357583',	'BMW',	'classis',	2017,	'NEGRO',	'SUV',	't',	't',	'2024-06-12 23:54:07.505656',	'2024-06-12 23:54:07.505656',	'f',	'2024-06-12 23:54:07.505656',	't',	'c0f306a2-0801-42af-a024-f4ab351dfba1'),
('fc3eb768-5bc3-49cd-8917-812234a683cc',	'3071DEN',	'80978800878520973',	'MERCEDES',	'classis',	2006,	'NEGRO',	'COMPACTO',	't',	't',	'2024-06-12 23:54:07.984252',	'2024-06-12 23:54:07.984252',	'f',	'2024-06-12 23:54:07.984252',	't',	'98453c7e-21ac-47a1-9292-c1958654397c'),
('e9f4320f-34a0-4179-b954-d3472a526152',	'3786CKM',	'47671889353653915',	'TOYOTA',	'classis',	1995,	'BLANCO',	'TODOTERRENO',	't',	't',	'2024-06-12 23:54:08.486108',	'2024-06-12 23:54:08.486108',	'f',	'2024-06-12 23:54:08.486108',	't',	'd47770e7-d7d7-47d3-a519-e86611224804'),
('0de0a6ee-20d3-416d-89bb-19be81201bba',	'7598CJJ',	'78156928189411467',	'MERCEDES',	'classis',	2005,	'ROJO',	'TODOTERRENO',	't',	't',	'2024-06-12 23:54:08.975776',	'2024-06-12 23:54:08.975776',	'f',	'2024-06-12 23:54:08.975776',	't',	'38f2113e-51a2-4901-96e9-55994319090d'),
('f9ad9fb8-7543-406d-9af8-45e1ca5e2c78',	'8395HYE',	'77297997486736645',	'MERCEDES',	'classis',	1992,	'NEGRO',	'DEPORTIVO',	't',	't',	'2024-06-12 23:54:09.495515',	'2024-06-12 23:54:09.495515',	'f',	'2024-06-12 23:54:09.495515',	't',	'2a7ac06c-ff90-4d97-89ee-69408e902241'),
('d0ae5b88-3b86-44e6-9937-b85d8a984c9f',	'8392XSA',	'50682302210201453',	'BMW',	'classis',	2021,	'BLANCO',	'TODOTERRENO',	't',	't',	'2024-06-12 23:54:09.984654',	'2024-06-12 23:54:09.984654',	'f',	'2024-06-12 23:54:09.984654',	't',	'057e55d6-3009-4e14-894c-9c22db99d212'),
('a82a1b25-3682-425f-bb14-c1c3731508ac',	'6404ZEB',	'92841929929451420',	'RENAULT',	'classis',	1991,	'BLANCO',	'SUV',	't',	't',	'2024-06-12 23:54:10.486132',	'2024-06-12 23:54:10.486132',	'f',	'2024-06-12 23:54:10.486132',	't',	'aff8316e-b733-46e0-bbd1-666f27142772'),
('ce7811fd-df2f-4d37-bbff-b15b8dc9a5db',	'3381ZLV',	'63895302865540637',	'TOYOTA',	'classis',	2015,	'BLANCO',	'COMPACTO',	't',	't',	'2024-06-12 23:54:10.965339',	'2024-06-12 23:54:10.965339',	'f',	'2024-06-12 23:54:10.965339',	't',	'aff8316e-b733-46e0-bbd1-666f27142772'),
('6eb818e8-fe48-4cfe-94ea-f7bc967a7e06',	'8281OSW',	'95556239370509963',	'RENAULT',	'classis',	2003,	'AZUL',	'SUV',	't',	't',	'2024-06-12 23:54:11.474626',	'2024-06-12 23:54:11.474626',	'f',	'2024-06-12 23:54:11.474626',	't',	'acaa2b89-7b62-4d91-9e5a-45a5a758a1c9'),
('57b574d1-7bea-45ad-92ec-e2bcd7bacae3',	'1143UBX',	'57645995267374180',	'MERCEDES',	'classis',	1992,	'ROJO',	'TODOTERRENO',	't',	't',	'2024-06-12 23:54:11.985433',	'2024-06-12 23:54:11.985433',	'f',	'2024-06-12 23:54:11.985433',	't',	'd13564e8-c04d-4bbf-9b24-3955a2bc55f3'),
('2b2ae037-2272-4147-be08-6b51af9d3f99',	'6762LAC',	'82722439346045972',	'MERCEDES',	'classis',	1994,	'AZUL',	'DEPORTIVO',	't',	't',	'2024-06-12 23:54:12.494884',	'2024-06-12 23:54:12.494884',	'f',	'2024-06-12 23:54:12.494884',	't',	'92487004-792f-485c-bcac-eebfb3be6884'),
('ad9a9774-cd68-4f99-973d-6b38e6e4b7f2',	'8187RRN',	'14797684391641391',	'RENAULT',	'classis',	1999,	'NEGRO',	'COMPACTO',	't',	't',	'2024-06-12 23:54:12.98483',	'2024-06-12 23:54:12.98483',	'f',	'2024-06-12 23:54:12.98483',	't',	'38f2113e-51a2-4901-96e9-55994319090d'),
('8b46553e-ced5-44c7-869a-f35ed7cd0765',	'4471CMQ',	'65828833688844097',	'MERCEDES',	'classis',	2020,	'NEGRO',	'SUV',	't',	't',	'2024-06-12 23:54:13.48346',	'2024-06-12 23:54:13.48346',	'f',	'2024-06-12 23:54:13.48346',	't',	'3859f097-314c-4129-aa2b-8be31e6ba72b'),
('bd97e1e7-a7b3-40fe-b679-40d5eb422902',	'6979FKU',	'52631340690710245',	'BMW',	'classis',	1994,	'ROJO',	'DEPORTIVO',	't',	't',	'2024-06-12 23:54:13.985065',	'2024-06-12 23:54:13.985065',	'f',	'2024-06-12 23:54:13.985065',	't',	'acaa2b89-7b62-4d91-9e5a-45a5a758a1c9'),
('c8c6266b-7eac-480c-8169-be3e19b74696',	'2990KBQ',	'40277707412084364',	'RENAULT',	'classis',	2008,	'AZUL',	'TODOTERRENO',	't',	't',	'2024-06-12 23:54:14.46611',	'2024-06-12 23:54:14.46611',	'f',	'2024-06-12 23:54:14.46611',	't',	'd19d11b8-3452-4274-9069-d1c2bdd6719a'),
('40100cf2-5dfc-4d5f-8e54-e39d8eb7e797',	'5849PXH',	'50641271649082868',	'TOYOTA',	'classis',	2012,	'BLANCO',	'DEPORTIVO',	't',	't',	'2024-06-12 23:54:14.975552',	'2024-06-12 23:54:14.975552',	'f',	'2024-06-12 23:54:14.975552',	't',	'd13e3579-22c5-4998-8a03-781768db25e6'),
('a45f9faa-6f4b-4594-88a5-801429515a4c',	'8628QUO',	'99814518552003512',	'RENAULT',	'classis',	2004,	'BLANCO',	'COMPACTO',	't',	't',	'2024-06-12 23:54:15.466121',	'2024-06-12 23:54:15.466121',	'f',	'2024-06-12 23:54:15.466121',	't',	'015720c1-b6c8-46e1-a11b-0bf3370df36f'),
('e141f5ff-8956-45a3-973b-f28702e6d818',	'6813DMF',	'03962914584685022',	'TOYOTA',	'classis',	2011,	'BLANCO',	'TODOTERRENO',	't',	't',	'2024-06-12 23:54:15.935976',	'2024-06-12 23:54:15.935976',	'f',	'2024-06-12 23:54:15.935976',	't',	'621d3c42-8932-4214-b957-e5f14d5783dc'),
('f06766f6-9017-429b-bc49-c149e5b162a7',	'9450HDW',	'26767090949015440',	'MERCEDES',	'classis',	2008,	'ROJO',	'COMPACTO',	't',	't',	'2024-06-12 23:54:16.413061',	'2024-06-12 23:54:16.413061',	'f',	'2024-06-12 23:54:16.413061',	't',	'aff8316e-b733-46e0-bbd1-666f27142772'),
('472003b7-1fad-40e5-a29b-3f9c2d9443ca',	'3993NVT',	'35306478563040107',	'BMW',	'classis',	1990,	'NEGRO',	'COMPACTO',	't',	't',	'2024-06-12 23:54:16.926496',	'2024-06-12 23:54:16.926496',	'f',	'2024-06-12 23:54:16.926496',	't',	'c0f306a2-0801-42af-a024-f4ab351dfba1'),
('6f55ab95-6c1b-4325-a858-db33d081e2a2',	'5425CSQ',	'57238759750288267',	'BMW',	'classis',	2005,	'AZUL',	'DEPORTIVO',	't',	't',	'2024-06-12 23:54:17.432476',	'2024-06-12 23:54:17.432476',	'f',	'2024-06-12 23:54:17.432476',	't',	'd6349081-59d1-453b-8500-20093c575008'),
('09fe1cc1-8c84-4003-81bb-fc69312fa5be',	'3766ZGE',	'50959792280962564',	'BMW',	'classis',	2010,	'AZUL',	'SUV',	't',	't',	'2024-06-12 23:54:17.90626',	'2024-06-12 23:54:17.90626',	'f',	'2024-06-12 23:54:17.90626',	't',	'8b21b57b-5c48-4795-be20-fc3158e8e198'),
('b9904740-c301-49a3-8b50-e10c1ce89a93',	'3094AFP',	'19708049129237924',	'TOYOTA',	'classis',	2003,	'AZUL',	'SUV',	't',	't',	'2024-06-12 23:54:18.425102',	'2024-06-12 23:54:18.425102',	'f',	'2024-06-12 23:54:18.425102',	't',	'd6349081-59d1-453b-8500-20093c575008'),
('0e39dbce-bb8a-4b10-8867-b9a8fcc865cf',	'3787WFO',	'66322390330169082',	'BMW',	'classis',	2016,	'BLANCO',	'COMPACTO',	't',	't',	'2024-06-12 23:54:18.925916',	'2024-06-12 23:54:18.925916',	'f',	'2024-06-12 23:54:18.925916',	't',	'015720c1-b6c8-46e1-a11b-0bf3370df36f'),
('5afc6032-033d-4998-aee6-959fb49b4b6f',	'1450JFM',	'91263378443269875',	'BMW',	'classis',	2015,	'BLANCO',	'SUV',	't',	't',	'2024-06-12 23:54:19.453337',	'2024-06-12 23:54:19.453337',	'f',	'2024-06-12 23:54:19.453337',	't',	'2a7ac06c-ff90-4d97-89ee-69408e902241'),
('3bcf8bd2-ff0b-46b1-aa85-0a93e9e86169',	'9955RNS',	'36936281757347544',	'MERCEDES',	'classis',	2019,	'ROJO',	'SUV',	't',	't',	'2024-06-12 23:54:19.944617',	'2024-06-12 23:54:19.944617',	'f',	'2024-06-12 23:54:19.944617',	't',	'3859f097-314c-4129-aa2b-8be31e6ba72b'),
('18664866-d204-49d1-9338-3067d3110413',	'7006ARW',	'04483245047558692',	'BMW',	'classis',	2016,	'BLANCO',	'COMPACTO',	't',	't',	'2024-06-12 23:54:20.414324',	'2024-06-12 23:54:20.414324',	'f',	'2024-06-12 23:54:20.414324',	't',	'8b21b57b-5c48-4795-be20-fc3158e8e198'),
('2a7dfc5a-be0b-4f81-beac-5c1909a64003',	'4392ZIM',	'76344638947159883',	'RENAULT',	'classis',	1991,	'ROJO',	'DEPORTIVO',	't',	't',	'2024-06-12 23:54:20.914103',	'2024-06-12 23:54:20.914103',	'f',	'2024-06-12 23:54:20.914103',	't',	'057e55d6-3009-4e14-894c-9c22db99d212'),
('1b9d72e8-856c-4023-8c88-25c61030f94d',	'9702VDG',	'10932994095626937',	'BMW',	'classis',	1990,	'ROJO',	'SUV',	't',	't',	'2024-06-12 23:54:21.412721',	'2024-06-12 23:54:21.412721',	'f',	'2024-06-12 23:54:21.412721',	't',	'a2ba2229-98a6-4e86-9ddf-f3d7ef1ac42e'),
('a1d599ac-ea51-463f-a242-e5cc99a066b3',	'2790KJH',	'15997907456007362',	'MERCEDES',	'classis',	2013,	'BLANCO',	'DEPORTIVO',	't',	't',	'2024-06-12 23:54:21.873348',	'2024-06-12 23:54:21.873348',	'f',	'2024-06-12 23:54:21.873348',	't',	'057e55d6-3009-4e14-894c-9c22db99d212'),
('94b272dc-d5f8-4afb-8c9b-63e58f6a14dd',	'7069JHF',	'02445794524254827',	'MERCEDES',	'classis',	2018,	'BLANCO',	'COMPACTO',	't',	't',	'2024-06-12 23:54:22.405693',	'2024-06-12 23:54:22.405693',	'f',	'2024-06-12 23:54:22.405693',	't',	'36267cff-c5c3-4598-86f3-f142988a99e9'),
('c46d9e81-ec47-4c56-9334-0ddeef5aa409',	'1893VRM',	'61269488619081976',	'RENAULT',	'classis',	1993,	'BLANCO',	'TODOTERRENO',	't',	't',	'2024-06-12 23:54:22.903267',	'2024-06-12 23:54:22.903267',	'f',	'2024-06-12 23:54:22.903267',	't',	'd6349081-59d1-453b-8500-20093c575008'),
('cf705a89-2d56-410a-8263-5c7841a08e46',	'9297CTD',	'40813254970590250',	'BMW',	'classis',	1990,	'NEGRO',	'COMPACTO',	't',	't',	'2024-06-12 23:54:23.372933',	'2024-06-12 23:54:23.372933',	'f',	'2024-06-12 23:54:23.372933',	't',	'd6349081-59d1-453b-8500-20093c575008'),
('fcdab86a-4ab1-453d-b1cd-e47c8b518720',	'3076BOX',	'59850859915429467',	'RENAULT',	'classis',	2009,	'ROJO',	'SUV',	't',	't',	'2024-06-12 23:54:23.855012',	'2024-06-12 23:54:23.855012',	'f',	'2024-06-12 23:54:23.855012',	't',	'fb0c7954-48db-450e-aa40-7bc256096862'),
('1b8026c5-685d-41c4-9941-238d399c4652',	'1327YMR',	'93152484355087500',	'BMW',	'classis',	2020,	'ROJO',	'COMPACTO',	't',	't',	'2024-06-12 23:54:24.305338',	'2024-06-12 23:54:24.305338',	'f',	'2024-06-12 23:54:24.305338',	't',	'92487004-792f-485c-bcac-eebfb3be6884'),
('f75bf150-ea4e-402c-828c-1d8e2f987caf',	'4061FOM',	'15247352637645493',	'MERCEDES',	'classis',	2015,	'BLANCO',	'DEPORTIVO',	't',	't',	'2024-06-12 23:54:24.784861',	'2024-06-12 23:54:24.784861',	'f',	'2024-06-12 23:54:24.784861',	't',	'c0f306a2-0801-42af-a024-f4ab351dfba1'),
('8b48a5fa-5092-4f6c-9cee-54697f2dfffa',	'1852WRX',	'13494818959070980',	'MERCEDES',	'classis',	2022,	'AZUL',	'TODOTERRENO',	't',	't',	'2024-06-12 23:54:25.24403',	'2024-06-12 23:54:25.24403',	'f',	'2024-06-12 23:54:25.24403',	't',	'd19d11b8-3452-4274-9069-d1c2bdd6719a'),
('4f074d6b-d556-4305-ba19-38616b4ecde8',	'1487NAN',	'77433508225550468',	'RENAULT',	'classis',	2022,	'BLANCO',	'COMPACTO',	't',	't',	'2024-06-12 23:54:25.71318',	'2024-06-12 23:54:25.71318',	'f',	'2024-06-12 23:54:25.71318',	't',	'7f125c22-7c0c-49bc-b285-8d256aa28c30'),
('e37cb49f-6ef1-4e30-8395-cad4893f5f15',	'8726ECL',	'51516462262295396',	'BMW',	'classis',	1995,	'AZUL',	'DEPORTIVO',	't',	't',	'2024-06-12 23:54:26.23368',	'2024-06-12 23:54:26.23368',	'f',	'2024-06-12 23:54:26.23368',	't',	'a0c01a35-99a5-499c-b5b8-6b2c480e3b63'),
('57dd8be5-37f1-4946-b3ae-7b4d9274ed57',	'6579PVG',	'34516258941184441',	'TOYOTA',	'classis',	2014,	'AZUL',	'SUV',	't',	't',	'2024-06-12 23:54:26.744978',	'2024-06-12 23:54:26.744978',	'f',	'2024-06-12 23:54:26.744978',	't',	'98453c7e-21ac-47a1-9292-c1958654397c'),
('9d6ac5a8-3e9b-41c7-a9e2-2ec409e33ec1',	'4809RCY',	'19142034544244577',	'BMW',	'classis',	1993,	'BLANCO',	'DEPORTIVO',	't',	't',	'2024-06-12 23:54:27.273201',	'2024-06-12 23:54:27.273201',	'f',	'2024-06-12 23:54:27.273201',	't',	'38f2113e-51a2-4901-96e9-55994319090d'),
('d71168b9-33ba-4e6d-95e5-528d83184fc3',	'8180TEB',	'41932670183757189',	'BMW',	'classis',	1990,	'AZUL',	'DEPORTIVO',	't',	't',	'2024-06-12 23:54:27.745319',	'2024-06-12 23:54:27.745319',	'f',	'2024-06-12 23:54:27.745319',	't',	'fb0c7954-48db-450e-aa40-7bc256096862'),
('720ba2d9-1c49-4136-a7d5-b61cc96212b6',	'4315HRN',	'92302947527518378',	'BMW',	'classis',	2017,	'BLANCO',	'COMPACTO',	't',	't',	'2024-06-12 23:54:28.243787',	'2024-06-12 23:54:28.243787',	'f',	'2024-06-12 23:54:28.243787',	't',	'36267cff-c5c3-4598-86f3-f142988a99e9'),
('06b53f44-463a-4644-8b82-2b5207f10214',	'9389QHL',	'02644685437171532',	'BMW',	'classis',	1992,	'AZUL',	'TODOTERRENO',	't',	't',	'2024-06-12 23:54:28.715398',	'2024-06-12 23:54:28.715398',	'f',	'2024-06-12 23:54:28.715398',	't',	'd6349081-59d1-453b-8500-20093c575008'),
('ee140882-1278-402e-b90a-c77387892dab',	'3294LKV',	'78028618592462933',	'MERCEDES',	'classis',	2017,	'ROJO',	'SUV',	't',	't',	'2024-06-12 23:54:29.20206',	'2024-06-12 23:54:29.20206',	'f',	'2024-06-12 23:54:29.20206',	't',	'92487004-792f-485c-bcac-eebfb3be6884'),
('f47facfb-55fd-47e8-96a1-214d70a6a847',	'8880PVJ',	'77670975310412027',	'BMW',	'classis',	1992,	'AZUL',	'COMPACTO',	't',	't',	'2024-06-12 23:54:29.697513',	'2024-06-12 23:54:29.697513',	'f',	'2024-06-12 23:54:29.697513',	't',	'621d3c42-8932-4214-b957-e5f14d5783dc'),
('0ce75a88-0287-44af-b85b-a952d1499716',	'5787UPS',	'69598832404827139',	'TOYOTA',	'classis',	2017,	'AZUL',	'TODOTERRENO',	't',	't',	'2024-06-12 23:54:30.195617',	'2024-06-12 23:54:30.195617',	'f',	'2024-06-12 23:54:30.195617',	't',	'd4dad010-2fa5-4a0e-b5eb-2975e97d77b4'),
('b534862a-257d-4ad9-869f-9b2769947860',	'6486NRZ',	'28009401785573390',	'RENAULT',	'classis',	2008,	'AZUL',	'TODOTERRENO',	't',	't',	'2024-06-12 23:54:30.665194',	'2024-06-12 23:54:30.665194',	'f',	'2024-06-12 23:54:30.665194',	't',	'a0c01a35-99a5-499c-b5b8-6b2c480e3b63'),
('9837bb0f-8e70-427d-aad9-db578e12f248',	'6102YYI',	'75511938712893387',	'BMW',	'classis',	1995,	'NEGRO',	'TODOTERRENO',	't',	't',	'2024-06-12 23:54:31.175203',	'2024-06-12 23:54:31.175203',	'f',	'2024-06-12 23:54:31.175203',	't',	'd19d11b8-3452-4274-9069-d1c2bdd6719a'),
('0982cc24-f722-467c-9bfb-300b3f10b2b5',	'7911CWL',	'35093427066929189',	'TOYOTA',	'classis',	2024,	'AZUL',	'COMPACTO',	't',	't',	'2024-06-12 23:54:31.692089',	'2024-06-12 23:54:31.692089',	'f',	'2024-06-12 23:54:31.692089',	't',	'acaa2b89-7b62-4d91-9e5a-45a5a758a1c9'),
('b8eaf62e-bc19-4300-9906-cd1bad861f25',	'2765MGQ',	'22350696989874067',	'BMW',	'classis',	1996,	'NEGRO',	'SUV',	't',	't',	'2024-06-12 23:54:32.185325',	'2024-06-12 23:54:32.185325',	'f',	'2024-06-12 23:54:32.185325',	't',	'7f125c22-7c0c-49bc-b285-8d256aa28c30'),
('ce1aa5f6-0acf-441f-bdb0-8e9becd07ead',	'4006CEI',	'09882348978017067',	'RENAULT',	'classis',	2024,	'NEGRO',	'TODOTERRENO',	't',	't',	'2024-06-12 23:54:32.656079',	'2024-06-12 23:54:32.656079',	'f',	'2024-06-12 23:54:32.656079',	't',	'd4dad010-2fa5-4a0e-b5eb-2975e97d77b4'),
('16cdcf42-5b18-4a1c-8a29-dc195d813954',	'6822DHR',	'40152565668871418',	'MERCEDES',	'classis',	1993,	'AZUL',	'DEPORTIVO',	't',	't',	'2024-06-12 23:54:33.134676',	'2024-06-12 23:54:33.134676',	'f',	'2024-06-12 23:54:33.134676',	't',	'fb0c7954-48db-450e-aa40-7bc256096862'),
('16474178-af34-4acc-a177-f0b7b0b8ce91',	'2138WLC',	'55532788082283659',	'BMW',	'classis',	1997,	'BLANCO',	'TODOTERRENO',	't',	't',	'2024-06-12 23:54:33.64459',	'2024-06-12 23:54:33.64459',	'f',	'2024-06-12 23:54:33.64459',	't',	'd19d11b8-3452-4274-9069-d1c2bdd6719a'),
('a003656a-8474-45fd-9951-df11c93bdd3e',	'4173RVQ',	'77120906510776674',	'BMW',	'classis',	2021,	'BLANCO',	'COMPACTO',	't',	't',	'2024-06-12 23:54:34.125683',	'2024-06-12 23:54:34.125683',	'f',	'2024-06-12 23:54:34.125683',	't',	'd47770e7-d7d7-47d3-a519-e86611224804'),
('849cb7ec-f019-4237-b41b-2a6cc62e79e8',	'2624JBH',	'98296262222169119',	'RENAULT',	'classis',	1995,	'NEGRO',	'SUV',	't',	't',	'2024-06-12 23:54:34.615312',	'2024-06-12 23:54:34.615312',	'f',	'2024-06-12 23:54:34.615312',	't',	'2a7ac06c-ff90-4d97-89ee-69408e902241');

INSERT INTO "FinesHistory" ("id", "userId", "fineId", "isPaid", "createdAt", "reason", "finesImport") VALUES
(18,	'44791482V',	'fece8502-4297-4285-bd39-40327a13e4e2',	'f',	'2024-06-13 00:19:37.608226',	'Semáforo en rojo',	1222.23),
(19,	'18468597B',	'0ed259ed-4120-451c-82c3-e3b81b065877',	'f',	'2024-06-13 00:19:38.887463',	'Estaba usando el móvil mientras conducía',	749.04),
(20,	'50316357Q',	'6c932675-40f1-40b6-a579-3b2f7766d105',	'f',	'2024-06-13 00:19:39.964909',	'No utilizar cinturón de seguridad',	1276.63),
(21,	'50316357Q',	'6eda9112-acee-4c6c-82f4-3a304272b8ac',	'f',	'2024-06-13 00:19:41.058577',	'Esta conduciendo borracho',	1301.05),
(22,	'44791482V',	'f791d3e2-aa04-489f-9e39-7e53f7535e12',	'f',	'2024-06-13 00:19:42.29606',	'Semáforo en rojo',	507.68),
(23,	'68271915A',	'76983d38-2bfb-47ff-84af-c83c70896738',	'f',	'2024-06-13 00:19:43.350061',	'Estacionamiento indebido',	655.73),
(24,	'95816718Y',	'837f9270-2c0b-43c8-8852-2677ea30ee2f',	'f',	'2024-06-13 00:19:44.480757',	'Estacionamiento indebido',	1323.98),
(25,	'56469548V',	'2b3cc205-237a-4e3f-b78c-f4f658110abd',	'f',	'2024-06-13 00:19:45.780126',	'Saltarse un Stop',	396.81),
(26,	'47188389W',	'bcb9267e-0716-41cc-beeb-24f19b6beeec',	'f',	'2024-06-13 00:19:46.808198',	'Estaba usando el móvil mientras conducía',	362.01),
(27,	'50316357Q',	'bc4b302b-2559-4667-a732-6cf20d021aba',	'f',	'2024-06-13 00:19:58.788646',	'Semáforo en rojo',	1335.52),
(28,	'21730496G',	'707b6b61-c11a-49da-8c1d-cee9e0b01460',	'f',	'2024-06-13 00:20:00.045716',	'Exceso de velocidad',	285.36),
(29,	'22776286F',	'53ee7ec3-ab20-41f1-947d-aadaa734fd59',	'f',	'2024-06-13 00:20:01.242163',	'Saltarse un Stop',	645.61),
(30,	'90280509N',	'52aeca17-d3b6-43a2-b778-c6edf6f6d457',	'f',	'2024-06-13 00:20:02.329098',	'Estaba usando el móvil mientras conducía',	1485.87),
(31,	'10332412F',	'bd098980-cc57-4222-b5ee-84c61867751a',	'f',	'2024-06-13 00:20:03.430418',	'Estaba usando el móvil mientras conducía',	413.43),
(32,	'87118330B',	'39f69a2d-2395-4f4f-b80c-c750a1d20cc3',	'f',	'2024-06-13 00:20:04.526477',	'Saltarse un Stop',	772.1),
(33,	'62372500L',	'dac6027b-bbdb-4359-b0d3-586a896e8690',	'f',	'2024-06-13 00:20:19.671165',	'Conducción peligrosa',	157.18),
(34,	'10332412F',	'13f455e2-f5c0-4593-b017-e1732155f725',	'f',	'2024-06-13 00:20:21.227724',	'Exceso de velocidad',	956.05),
(35,	'18468597B',	'53154d89-5dd5-4802-88d0-3c3cc416ad0b',	'f',	'2024-06-13 00:20:22.526605',	'Conducción peligrosa',	1430.3),
(36,	'47188389W',	'6c24006f-d450-43df-b332-4e549301d4b8',	'f',	'2024-06-13 00:20:23.945778',	'Estacionamiento indebido',	1497.03),
(37,	'54191903Q',	'1dfe4651-cf4e-473b-8cc5-4ab511a60ea2',	'f',	'2024-06-13 00:20:25.479266',	'Semáforo en rojo',	343.84),
(38,	'90280509N',	'e2e3fd47-b625-47df-bc9a-3dfcd48c95f0',	'f',	'2024-06-13 00:20:26.727117',	'Estacionamiento indebido',	762.2),
(39,	'87118330B',	'8a1376e1-b5be-4784-85df-caa6145e06cb',	'f',	'2024-06-13 00:20:28.536858',	'Conducción peligrosa',	1345.05),
(40,	'47146262B',	'5d04c18b-b409-4f38-afee-a1d7d3b6f72d',	'f',	'2024-06-13 00:20:31.773365',	'Conducción peligrosa',	972.3),
(41,	'50316357Q',	'bdba0afb-b9b8-4d64-9eac-3c5825b1ba6b',	'f',	'2024-06-13 00:20:33.088923',	'No utilizar cinturón de seguridad',	1353.8),
(42,	'47188389W',	'b61eec2f-1625-4ec1-a810-1165ff26310d',	'f',	'2024-06-13 00:20:34.27758',	'Estaba usando el móvil mientras conducía',	658.13),
(43,	'79581408M',	'e9cfad79-dfbb-4a41-9c5e-75640f7f5baf',	'f',	'2024-06-13 00:20:35.477093',	'Estacionamiento indebido',	356.74),
(44,	'22776286F',	'9c4267fb-f0c8-43d0-bfe4-300f21cea1b8',	'f',	'2024-06-13 00:20:36.637508',	'Conducción peligrosa',	219.12),
(45,	'87118330B',	'c97ceb94-9951-4cd5-9dd2-a192ed63ad30',	'f',	'2024-06-13 00:20:37.908951',	'Saltarse un Stop',	980.95),
(46,	'54191903Q',	'6a18af52-8762-42b2-a73a-1150754aa683',	'f',	'2024-06-13 00:20:43.587601',	'Esta conduciendo borracho',	1124.43),
(47,	'60591322F',	'301465b1-db2d-4352-bb31-faf49750b44c',	'f',	'2024-06-13 00:20:44.858769',	'Semáforo en rojo',	654.37),
(48,	'49947083F',	'ff965c32-1226-4788-b485-4bc7c33efb59',	'f',	'2024-06-13 00:21:06.524267',	'Estaba usando el móvil mientras conducía',	565.78),
(49,	'21730496G',	'2e55b2dc-2863-41e0-aec2-36f51206e352',	'f',	'2024-06-13 00:21:37.138665',	'Exceso de velocidad',	351.08),
(50,	'79581408M',	'0f58c7db-edf8-4205-a7ce-999b01249409',	'f',	'2024-06-13 00:21:38.626478',	'No utilizar cinturón de seguridad',	1110.13),
(51,	'50316357Q',	'ec2e4f8d-5956-43a2-9893-c31431a30171',	'f',	'2024-06-13 00:21:39.796569',	'Estacionamiento indebido',	805.65),
(52,	'43464122X',	'741d84ba-75fd-4aeb-8364-5d1e2b4fd223',	'f',	'2024-06-13 00:21:40.884118',	'Saltarse un Stop',	634.07),
(53,	'95816718Y',	'045353cb-cbe6-4a7a-be97-3d97904bd8fa',	'f',	'2024-06-13 00:21:41.846234',	'Estacionamiento indebido',	120.88),
(54,	'50316357Q',	'8b8058f3-233c-4837-bb2b-132fd0a35eb8',	'f',	'2024-06-13 00:21:42.976342',	'Estacionamiento indebido',	309.72),
(55,	'68271915A',	'14b54147-d667-4ed5-b878-acc7d57549ec',	'f',	'2024-06-13 00:21:43.927369',	'Estaba usando el móvil mientras conducía',	662.68),
(56,	'49947083F',	'ecc3a62e-dd2c-4610-9cc6-65c2d647e4ce',	'f',	'2024-06-13 00:21:44.926484',	'Exceso de velocidad',	600.56),
(57,	'50316357Q',	'3d451ce0-728d-4aa8-820c-9daca8c0c699',	'f',	'2024-06-13 00:21:45.655148',	'Esta conduciendo borracho',	847.04),
(58,	'68271915A',	'9887073d-ecb9-4cf2-8727-95ece3a6685b',	'f',	'2024-06-13 00:21:46.626061',	'Semáforo en rojo',	1130.9),
(59,	'22776286F',	'86355f32-bbef-42da-8cef-17bb2662135f',	'f',	'2024-06-13 00:21:47.316531',	'No utilizar cinturón de seguridad',	518.75),
(60,	'87118330B',	'a281ac7b-d88f-43ca-bf65-a13c7a615e00',	'f',	'2024-06-13 00:21:48.078487',	'Saltarse un Stop',	1360.48);